{"cameraMode":{"drawMode":0,"name":"Shaded","section":"Shading Mode"},"sceneLighting":true,"audioPlay":false,"sceneViewState":{"m_AlwaysRefresh":false,"showFog":true,"showSkybox":true,"showFlares":true,"showImageEffects":true,"showParticleSystems":true,"showVisualEffectGraphs":true,"m_FxEnabled":true},"in2DMode":false,"pivot":{"x":22.354225158691408,"y":3.4020042419433595,"z":26.189443588256837},"rotation":{"x":0.08473926782608032,"y":0.3799694776535034,"z":-0.034994352608919147,"w":0.9204530119895935},"size":41.926429748535159,"orthographic":false}