{"cameraMode":{"drawMode":0,"name":"Shaded","section":"Shading Mode"},"sceneLighting":true,"audioPlay":false,"sceneViewState":{"m_AlwaysRefresh":false,"showFog":true,"showSkybox":true,"showFlares":true,"showImageEffects":true,"showParticleSystems":true,"showVisualEffectGraphs":true,"m_FxEnabled":true},"in2DMode":false,"pivot":{"x":-5.050714492797852,"y":3.695380687713623,"z":-1.4055843353271485},"rotation":{"x":-0.13766814768314362,"y":0.28621724247932436,"z":-0.041579265147447589,"w":-0.9473203420639038},"size":8.544790267944336,"orthographic":false}