{"cameraMode":{"drawMode":0,"name":"Shaded","section":"Shading Mode"},"sceneLighting":true,"audioPlay":false,"sceneViewState":{"m_AlwaysRefresh":false,"showFog":true,"showSkybox":true,"showFlares":true,"showImageEffects":true,"showParticleSystems":true,"showVisualEffectGraphs":true,"m_FxEnabled":true},"in2DMode":false,"pivot":{"x":2.3800888061523439,"y":10.2360200881958,"z":41.9698600769043},"rotation":{"x":0.11573167890310288,"y":0.14809809625148774,"z":-0.017466571182012559,"w":0.9820366501808167},"size":20.772897720336915,"orthographic":false}