{"cameraMode":{"drawMode":0,"name":"Shaded","section":"Shading Mode"},"sceneLighting":true,"audioPlay":false,"sceneViewState":{"m_AlwaysRefresh":false,"showFog":true,"showSkybox":true,"showFlares":true,"showImageEffects":true,"showParticleSystems":true,"showVisualEffectGraphs":true,"m_FxEnabled":true},"in2DMode":false,"pivot":{"x":13.282902717590332,"y":-0.2744431495666504,"z":5.0646209716796879},"rotation":{"x":0.013966345228254795,"y":0.9721972346305847,"z":-0.060170602053403857,"w":0.22589413821697236},"size":26.31781005859375,"orthographic":false}