{"cameraMode":{"drawMode":0,"name":"Shaded","section":"Shading Mode"},"sceneLighting":true,"audioPlay":false,"sceneViewState":{"m_AlwaysRefresh":false,"showFog":true,"showSkybox":true,"showFlares":true,"showImageEffects":true,"showParticleSystems":true,"showVisualEffectGraphs":true,"m_FxEnabled":true},"in2DMode":false,"pivot":{"x":-8.147933006286621,"y":-8.420537948608399,"z":26.085460662841798},"rotation":{"x":0.23922397196292878,"y":-0.043373603373765948,"z":0.010702994652092457,"w":0.9699500799179077},"size":36.19799041748047,"orthographic":false}