{"cameraMode":{"drawMode":0,"name":"Shaded","section":"Shading Mode"},"sceneLighting":true,"audioPlay":false,"sceneViewState":{"m_AlwaysRefresh":false,"showFog":true,"showSkybox":true,"showFlares":true,"showImageEffects":true,"showParticleSystems":true,"showVisualEffectGraphs":true,"m_FxEnabled":true},"in2DMode":false,"pivot":{"x":-147.77264404296876,"y":4.794671058654785,"z":-25.557153701782228},"rotation":{"x":-0.0036300839856266977,"y":-0.7681787014007568,"z":-0.004383140243589878,"w":0.6402232646942139},"size":82.34910583496094,"orthographic":false}