{"cameraMode":{"drawMode":0,"name":"Shaded","section":"Shading Mode"},"sceneLighting":true,"audioPlay":false,"sceneViewState":{"m_AlwaysRefresh":false,"showFog":true,"showSkybox":true,"showFlares":true,"showImageEffects":true,"showParticleSystems":true,"showVisualEffectGraphs":true,"m_FxEnabled":true},"in2DMode":false,"pivot":{"x":50.549652099609378,"y":38.917842864990237,"z":-6.048644065856934},"rotation":{"x":-0.022634506225585939,"y":0.7025108337402344,"z":-0.022342372685670854,"w":-0.7109736800193787},"size":72.50102996826172,"orthographic":false}